Measurement_ID,SampPoint_ID,Fecha,Hora,Depth,Variable_ID,Valor,Censoring_ID,Method_ID,QC_ID,Monitoring_ID
2204332,SQD_C1,2012-07-10,NULL,0,DOC,319.624,0,"TOC analyzer - ATL",1,ATL
2204333,SQD_C1,2012-07-10,NULL,5,DOC,304.138,0,"TOC analyzer - ATL",1,ATL
2204334,SQD_C1,2012-07-10,NULL,10,DOC,235.035,0,"TOC analyzer - ATL",1,ATL
2204335,SQD_C1,2012-07-10,NULL,30,DOC,253.934,0,"TOC analyzer - ATL",1,ATL
2204336,SQD_C1,2012-07-10,NULL,50,DOC,234.702,0,"TOC analyzer - ATL",1,ATL
2204337,SQD_C1,2012-07-10,NULL,60,DOC,218.716,0,"TOC analyzer - ATL",1,ATL
2204338,SQD_C1,2012-07-10,NULL,85,DOC,234.368,0,"TOC analyzer - ATL",1,ATL
2204339,SQD_C1,2012-08-07,NULL,0,DOC,312.214,0,"TOC analyzer - ATL",1,ATL
2204340,SQD_C1,2012-08-07,NULL,5,DOC,287.819,0,"TOC analyzer - ATL",1,ATL
2204341,SQD_C1,2012-08-07,NULL,10,DOC,256.182,0,"TOC analyzer - ATL",1,ATL
2204342,SQD_C1,2012-08-07,NULL,24,DOC,211.723,0,"TOC analyzer - ATL",1,ATL
2204343,SQD_C1,2012-08-07,NULL,45,DOC,215.219,0,"TOC analyzer - ATL",1,ATL
2204344,SQD_C1,2012-08-07,NULL,50,DOC,203.73,0,"TOC analyzer - ATL",1,ATL
2204345,SQD_C1,2012-08-07,NULL,78,DOC,217.884,0,"TOC analyzer - ATL",1,ATL
2204346,SQD_C1,2012-09-04,NULL,0,DOC,305.387,0,"TOC analyzer - ATL",1,ATL
2204347,SQD_C1,2012-09-04,NULL,7,DOC,282.991,0,"TOC analyzer - ATL",1,ATL
2204348,SQD_C1,2012-09-04,NULL,10,DOC,209.475,0,"TOC analyzer - ATL",1,ATL
2204349,SQD_C1,2012-09-04,NULL,12,DOC,207.893,0,"TOC analyzer - ATL",1,ATL
2204350,SQD_C1,2012-09-04,NULL,47,DOC,229.54,0,"TOC analyzer - ATL",1,ATL
2204351,SQD_C1,2012-09-04,NULL,52,DOC,243.86,0,"TOC analyzer - ATL",1,ATL
2204352,SQD_C1,2012-09-04,NULL,78,DOC,244.776,0,"TOC analyzer - ATL",1,ATL
2204353,SQD_C1,2012-11-12,NULL,0,DOC,210.224,0,"TOC analyzer - ATL",1,ATL
2204354,SQD_C1,2012-11-12,NULL,5,DOC,219.382,0,"TOC analyzer - ATL",1,ATL
2204355,SQD_C1,2012-11-12,NULL,20,DOC,212.472,0,"TOC analyzer - ATL",1,ATL
2204356,SQD_C1,2012-11-12,NULL,28,DOC,188.91,0,"TOC analyzer - ATL",1,ATL
2204357,SQD_C1,2012-11-12,NULL,45,DOC,224.627,0,"TOC analyzer - ATL",1,ATL
2204358,SQD_C1,2012-11-12,NULL,53,DOC,255.183,0,"TOC analyzer - ATL",1,ATL
2204359,SQD_C1,2012-11-12,NULL,80,DOC,280.576,0,"TOC analyzer - ATL",1,ATL
2204360,SQD_C1,2012-12-10,NULL,0,DOC,177.754,0,"TOC analyzer - ATL",1,ATL
2204361,SQD_C1,2012-12-10,NULL,5,DOC,193.489,0,"TOC analyzer - ATL",1,ATL
2204362,SQD_C1,2012-12-10,NULL,20,DOC,202.897,0,"TOC analyzer - ATL",1,ATL
2204363,SQD_C1,2012-12-10,NULL,35,DOC,208.809,0,"TOC analyzer - ATL",1,ATL
2204364,SQD_C1,2012-12-10,NULL,49,DOC,212.389,0,"TOC analyzer - ATL",1,ATL
2204365,SQD_C1,2012-12-10,NULL,53,DOC,220.215,0,"TOC analyzer - ATL",1,ATL
2204366,SQD_C1,2012-12-10,NULL,80,DOC,278.411,0,"TOC analyzer - ATL",1,ATL
2204367,SQD_C1,2013-01-08,NULL,0,DOC,208.892,0,"TOC analyzer - ATL",1,ATL
2204368,SQD_C1,2013-01-08,NULL,15,DOC,186.579,0,"TOC analyzer - ATL",1,ATL
2204369,SQD_C1,2013-01-08,NULL,32,DOC,180.002,0,"TOC analyzer - ATL",1,ATL
2204370,SQD_C1,2013-01-08,NULL,40,DOC,205.145,0,"TOC analyzer - ATL",1,ATL
2204371,SQD_C1,2013-01-08,NULL,50,DOC,211.806,0,"TOC analyzer - ATL",1,ATL
2204372,SQD_C1,2013-01-08,NULL,60,DOC,213.637,0,"TOC analyzer - ATL",1,ATL
2204373,SQD_C1,2013-01-08,NULL,80,DOC,240.613,0,"TOC analyzer - ATL",1,ATL
2204374,SQD_C1,2013-04-24,NULL,0,DOC,321.289,0,"TOC analyzer - ATL",1,ATL
2204375,SQD_C1,2013-04-24,NULL,5,DOC,302.14,0,"TOC analyzer - ATL",1,ATL
2204376,SQD_C1,2013-04-24,NULL,10,DOC,298.809,0,"TOC analyzer - ATL",1,ATL
2204377,SQD_C1,2013-04-24,NULL,15,DOC,271.418,0,"TOC analyzer - ATL",1,ATL
2204378,SQD_C1,2013-04-24,NULL,30,DOC,240.863,0,"TOC analyzer - ATL",1,ATL
2204379,SQD_C1,2013-04-24,NULL,50,DOC,227.292,0,"TOC analyzer - ATL",1,ATL
2204380,SQD_C1,2013-04-24,NULL,80,DOC,222.629,0,"TOC analyzer - ATL",1,ATL
2204381,SQD_C1,2013-05-28,NULL,0,DOC,349.346,0,"TOC analyzer - ATL",1,ATL
2204382,SQD_C1,2013-05-28,NULL,5,DOC,343.685,0,"TOC analyzer - ATL",1,ATL
2204383,SQD_C1,2013-05-28,NULL,10,DOC,298.393,0,"TOC analyzer - ATL",1,ATL
2204384,SQD_C1,2013-05-28,NULL,20,DOC,294.73,0,"TOC analyzer - ATL",1,ATL
2204385,SQD_C1,2013-05-28,NULL,40,DOC,298.643,0,"TOC analyzer - ATL",1,ATL
2204386,SQD_C1,2013-05-28,NULL,65,DOC,270.502,0,"TOC analyzer - ATL",1,ATL
2204387,SQD_C1,2013-05-28,NULL,97,DOC,272.25,0,"TOC analyzer - ATL",1,ATL
2204388,SQD_C1,2013-06-25,NULL,0,DOC,255.016,0,"TOC analyzer - ATL",1,ATL
2204389,SQD_C1,2013-06-25,NULL,5,DOC,235.368,0,"TOC analyzer - ATL",1,ATL
2204390,SQD_C1,2013-06-25,NULL,10,DOC,225.21,0,"TOC analyzer - ATL",1,ATL
2204391,SQD_C1,2013-06-25,NULL,30,DOC,244.942,0,"TOC analyzer - ATL",1,ATL
2204392,SQD_C1,2013-06-25,NULL,40,DOC,255.099,0,"TOC analyzer - ATL",1,ATL
2204393,SQD_C1,2013-06-25,NULL,62,DOC,241.196,0,"TOC analyzer - ATL",1,ATL
2204394,SQD_C1,2013-06-25,NULL,85,DOC,218.55,0,"TOC analyzer - ATL",1,ATL
2204395,SQD_C1,2013-07-30,NULL,0,DOC,294.397,0,"TOC analyzer - ATL",1,ATL
2204396,SQD_C1,2013-07-30,NULL,5,DOC,220.215,0,"TOC analyzer - ATL",1,ATL
2204397,SQD_C1,2013-07-30,NULL,10,DOC,186.912,0,"TOC analyzer - ATL",1,ATL
2204398,SQD_C1,2013-07-30,NULL,30,DOC,209.225,0,"TOC analyzer - ATL",1,ATL
2204399,SQD_C1,2013-07-30,NULL,60,DOC,231.538,0,"TOC analyzer - ATL",1,ATL
2204400,SQD_C1,2013-07-30,NULL,77,DOC,213.637,0,"TOC analyzer - ATL",1,ATL
2204401,SQD_C1,2013-09-03,NULL,0,DOC,298.983,0,"TOC analyzer - ATL",1,ATL
2204402,SQD_C1,2013-09-03,NULL,7,DOC,200.405,0,"TOC analyzer - ATL",1,ATL
2204403,SQD_C1,2013-09-03,NULL,10,DOC,209.896,0,"TOC analyzer - ATL",1,ATL
2204404,SQD_C1,2013-09-03,NULL,25,DOC,216.807,0,"TOC analyzer - ATL",1,ATL
2204405,SQD_C1,2013-09-03,NULL,43,DOC,252.858,0,"TOC analyzer - ATL",1,ATL
2204406,SQD_C1,2013-09-03,NULL,60,DOC,248.112,0,"TOC analyzer - ATL",1,ATL
2204407,SQD_C1,2013-09-03,NULL,90,DOC,250.527,0,"TOC analyzer - ATL",1,ATL
2204408,SQD_C1,2013-10-01,NULL,0,DOC,258.02,0,"TOC analyzer - ATL",1,ATL
2204409,SQD_C1,2013-10-01,NULL,5,DOC,310.057,0,"TOC analyzer - ATL",1,ATL
2204410,SQD_C1,2013-10-01,NULL,12,DOC,244.698,0,"TOC analyzer - ATL",1,ATL
2204411,SQD_C1,2013-10-01,NULL,55,DOC,221.552,0,"TOC analyzer - ATL",1,ATL
2204412,SQD_C1,2013-10-01,NULL,65,DOC,229.046,0,"TOC analyzer - ATL",1,ATL
2204413,SQD_C1,2013-10-01,NULL,70,DOC,259.352,0,"TOC analyzer - ATL",1,ATL
2204414,SQD_C1,2013-10-01,NULL,95,DOC,260.518,0,"TOC analyzer - ATL",1,ATL
2204415,SQD_C1,2013-10-30,NULL,0,DOC,191.579,0,"TOC analyzer - ATL",1,ATL
2204416,SQD_C1,2013-10-30,NULL,20,DOC,213.227,0,"TOC analyzer - ATL",1,ATL
2204417,SQD_C1,2013-10-30,NULL,25,DOC,224.883,0,"TOC analyzer - ATL",1,ATL
2204418,SQD_C1,2013-10-30,NULL,43,DOC,210.479,0,"TOC analyzer - ATL",1,ATL
2204419,SQD_C1,2013-10-30,NULL,51,DOC,208.064,0,"TOC analyzer - ATL",1,ATL
2204420,SQD_C1,2013-10-30,NULL,60,DOC,248.695,0,"TOC analyzer - ATL",1,ATL
2204421,SQD_C1,2013-10-30,NULL,72,DOC,259.352,0,"TOC analyzer - ATL",1,ATL
2204422,SQD_C1,2013-10-30,NULL,96,DOC,204.235,0,"TOC analyzer - ATL",1,ATL
2204423,SQD_C1,2013-11-26,NULL,0,DOC,219.138,0,"TOC analyzer - ATL",1,ATL
2204424,SQD_C1,2013-11-26,NULL,10,DOC,221.386,0,"TOC analyzer - ATL",1,ATL
2204425,SQD_C1,2013-11-26,NULL,27,DOC,204.734,0,"TOC analyzer - ATL",1,ATL
2204426,SQD_C1,2013-11-26,NULL,48,DOC,250.693,0,"TOC analyzer - ATL",1,ATL
2204427,SQD_C1,2013-11-26,NULL,60,DOC,231.127,0,"TOC analyzer - ATL",1,ATL
2204428,SQD_C1,2013-11-26,NULL,72,DOC,245.531,0,"TOC analyzer - ATL",1,ATL
2204429,SQD_C1,2013-11-26,NULL,98,DOC,254.19,0,"TOC analyzer - ATL",1,ATL
2204430,SQD_C1,2013-12-17,NULL,0,DOC,266.429,0,"TOC analyzer - ATL",1,ATL
2204431,SQD_C1,2013-12-17,NULL,10,DOC,281.666,0,"TOC analyzer - ATL",1,ATL
2204432,SQD_C1,2013-12-17,NULL,26,DOC,276.836,0,"TOC analyzer - ATL",1,ATL
2204433,SQD_C1,2013-12-17,NULL,44,DOC,313.804,0,"TOC analyzer - ATL",1,ATL
2204434,SQD_C1,2013-12-17,NULL,60,DOC,306.976,0,"TOC analyzer - ATL",1,ATL
2204435,SQD_C1,2013-12-17,NULL,75,DOC,310.556,0,"TOC analyzer - ATL",1,ATL
2204436,SQD_C1,2013-12-17,NULL,92,DOC,340.613,0,"TOC analyzer - ATL",1,ATL
2204437,SQD_C1,2014-01-28,NULL,0,DOC,187,0,"TOC analyzer - ATL",1,ATL
2204438,SQD_C1,2014-01-28,NULL,20,DOC,217.972,0,"TOC analyzer - ATL",1,ATL
2204439,SQD_C1,2014-01-28,NULL,40,DOC,219.971,0,"TOC analyzer - ATL",1,ATL
2204440,SQD_C1,2014-01-28,NULL,50,DOC,234.791,0,"TOC analyzer - ATL",1,ATL
2204441,SQD_C1,2014-01-28,NULL,60,DOC,288.41,0,"TOC analyzer - ATL",1,ATL
2204442,SQD_C1,2014-01-28,NULL,85,DOC,223.051,0,"TOC analyzer - ATL",1,ATL
2204443,SQD_C1,2014-01-28,NULL,95,DOC,281.499,0,"TOC analyzer - ATL",1,ATL
2204444,SQD_C1,2014-02-18,NULL,0,DOC,206.566,0,"TOC analyzer - ATL",1,ATL
2204445,SQD_C1,2014-02-18,NULL,10,DOC,242.617,0,"TOC analyzer - ATL",1,ATL
2204446,SQD_C1,2014-02-18,NULL,30,DOC,260.185,0,"TOC analyzer - ATL",1,ATL
2204447,SQD_C1,2014-02-18,NULL,55,DOC,243.366,0,"TOC analyzer - ATL",1,ATL
2204448,SQD_C1,2014-02-18,NULL,67,DOC,252.608,0,"TOC analyzer - ATL",1,ATL
2204449,SQD_C1,2014-02-18,NULL,85,DOC,248.029,0,"TOC analyzer - ATL",1,ATL
2204450,SQD_C1,2014-02-18,NULL,95,DOC,308.808,0,"TOC analyzer - ATL",1,ATL
2204451,SQD_C1,2014-03-11,NULL,0,DOC,252.608,0,"TOC analyzer - ATL",1,ATL
2204452,SQD_C1,2014-03-11,NULL,5,DOC,250.277,0,"TOC analyzer - ATL",1,ATL
2204453,SQD_C1,2014-03-11,NULL,20,DOC,258.936,0,"TOC analyzer - ATL",1,ATL
2204454,SQD_C1,2014-03-11,NULL,50,DOC,236.289,0,"TOC analyzer - ATL",1,ATL
2204455,SQD_C1,2014-03-11,NULL,60,DOC,270.009,0,"TOC analyzer - ATL",1,ATL
2204456,SQD_C1,2014-03-11,NULL,80,DOC,261.6,0,"TOC analyzer - ATL",1,ATL
2204457,SQD_C1,2014-03-11,NULL,92,DOC,309.974,0,"TOC analyzer - ATL",1,ATL
2204458,SQD_C1,2014-04-15,NULL,0,DOC,219.388,0,"TOC analyzer - ATL",1,ATL
2204459,SQD_C1,2014-04-15,NULL,5,DOC,226.215,0,"TOC analyzer - ATL",1,ATL
2204460,SQD_C1,2014-04-15,NULL,10,DOC,221.386,0,"TOC analyzer - ATL",1,ATL
2204461,SQD_C1,2014-04-15,NULL,30,DOC,222.468,0,"TOC analyzer - ATL",1,ATL
2204462,SQD_C1,2014-04-15,NULL,50,DOC,233.292,0,"TOC analyzer - ATL",1,ATL
2204463,SQD_C1,2014-04-15,NULL,80,DOC,297.984,0,"TOC analyzer - ATL",1,ATL
2204464,SQD_C1,2014-04-15,NULL,94,DOC,231.377,0,"TOC analyzer - ATL",1,ATL
2204465,SQD_C1,2014-05-14,NULL,0,DOC,436.028,0,"TOC analyzer - ATL",1,ATL
2204466,SQD_C1,2014-05-14,NULL,4,DOC,207.815,0,"TOC analyzer - ATL",1,ATL
2204467,SQD_C1,2014-05-14,NULL,8,DOC,195.076,0,"TOC analyzer - ATL",1,ATL
2204468,SQD_C1,2014-05-14,NULL,40,DOC,179.257,0,"TOC analyzer - ATL",1,ATL
2204469,SQD_C1,2014-05-14,NULL,60,DOC,177.675,0,"TOC analyzer - ATL",1,ATL
2204470,SQD_C1,2014-05-14,NULL,75,DOC,178.341,0,"TOC analyzer - ATL",1,ATL
2204471,SQD_C1,2014-05-14,NULL,95,DOC,183.087,0,"TOC analyzer - ATL",1,ATL
2204472,SQD_C1,2014-06-10,NULL,0,DOC,800.37,0,"TOC analyzer - ATL",2,ATL
2204473,SQD_C1,2014-06-10,NULL,5,DOC,634.185,0,"TOC analyzer - ATL",2,ATL
2204474,SQD_C1,2014-06-10,NULL,10,DOC,278.585,0,"TOC analyzer - ATL",1,ATL
2204475,SQD_C1,2014-06-10,NULL,58,DOC,237.122,0,"TOC analyzer - ATL",1,ATL
2204476,SQD_C1,2014-06-10,NULL,65,DOC,234.458,0,"TOC analyzer - ATL",1,ATL
2204477,SQD_C1,2014-06-10,NULL,80,DOC,223.384,0,"TOC analyzer - ATL",1,ATL
2204478,SQD_C1,2014-06-10,NULL,90,DOC,239.453,0,"TOC analyzer - ATL",1,ATL
2204479,SQD_C1,2014-07-14,NULL,0,DOC,425.954,0,"TOC analyzer - ATL",1,ATL
2204480,SQD_C1,2014-07-14,NULL,5,DOC,312.888,0,"TOC analyzer - ATL",1,ATL
2204481,SQD_C1,2014-07-14,NULL,16,DOC,215.641,0,"TOC analyzer - ATL",1,ATL
2204482,SQD_C1,2014-07-14,NULL,30,DOC,259.685,0,"TOC analyzer - ATL",1,ATL
2204483,SQD_C1,2014-07-14,NULL,45,DOC,257.354,0,"TOC analyzer - ATL",1,ATL
2204484,SQD_C1,2014-07-14,NULL,60,DOC,194.243,0,"TOC analyzer - ATL",1,ATL
2204485,SQD_C1,2014-07-14,NULL,95,DOC,214.559,0,"TOC analyzer - ATL",1,ATL
2204486,SQD_C1,2014-07-28,NULL,0,DOC,308.808,0,"TOC analyzer - ATL",1,ATL
2204487,SQD_C1,2014-07-28,NULL,7,DOC,214.226,0,"TOC analyzer - ATL",1,ATL
2204488,SQD_C1,2014-07-28,NULL,20,DOC,216.474,0,"TOC analyzer - ATL",1,ATL
2204489,SQD_C1,2014-07-28,NULL,30,DOC,176.26,0,"TOC analyzer - ATL",1,ATL
2204490,SQD_C1,2014-07-28,NULL,50,DOC,180.672,0,"TOC analyzer - ATL",1,ATL
2204491,SQD_C1,2014-07-28,NULL,80,DOC,181.422,0,"TOC analyzer - ATL",1,ATL
2204492,SQD_C1,2014-07-28,NULL,95,DOC,188.915,0,"TOC analyzer - ATL",1,ATL
2204493,SQD_C1,2014-09-01,NULL,0,DOC,312.138,0,"TOC analyzer - ATL",1,ATL
2204494,SQD_C1,2014-09-01,NULL,5,DOC,343.444,0,"TOC analyzer - ATL",1,ATL
2204495,SQD_C1,2014-09-01,NULL,10,DOC,283.747,0,"TOC analyzer - ATL",1,ATL
2204496,SQD_C1,2014-09-01,NULL,20,DOC,255.106,0,"TOC analyzer - ATL",1,ATL
2204497,SQD_C1,2014-09-01,NULL,40,DOC,281.416,0,"TOC analyzer - ATL",1,ATL
2204498,SQD_C1,2014-09-01,NULL,60,DOC,292.489,0,"TOC analyzer - ATL",1,ATL
2204499,SQD_C1,2014-09-01,NULL,100,DOC,322.296,0,"TOC analyzer - ATL",1,ATL
2204500,SQD_C1,2014-10-14,NULL,0,DOC,213.643,0,"TOC analyzer - ATL",1,ATL
2204501,SQD_C1,2014-10-14,NULL,10,DOC,230.045,0,"TOC analyzer - ATL",1,ATL
2204502,SQD_C1,2014-10-14,NULL,15,DOC,216.39,0,"TOC analyzer - ATL",1,ATL
2204503,SQD_C1,2014-10-14,NULL,20,DOC,279.001,0,"TOC analyzer - ATL",1,ATL
2204504,SQD_C1,2014-10-14,NULL,25,DOC,288.992,0,"TOC analyzer - ATL",1,ATL
2204505,SQD_C1,2014-10-14,NULL,30,DOC,272.34,0,"TOC analyzer - ATL",1,ATL
2204506,SQD_C1,2014-10-14,NULL,35,DOC,203.652,0,"TOC analyzer - ATL",1,ATL
2204507,SQD_C1,2014-10-14,NULL,40,DOC,188.915,0,"TOC analyzer - ATL",1,ATL
2204508,SQD_C1,2014-10-14,NULL,50,DOC,174.178,0,"TOC analyzer - ATL",1,ATL
2204509,SQD_C1,2014-10-14,NULL,55,DOC,188.832,0,"TOC analyzer - ATL",1,ATL
2204510,SQD_C1,2014-10-14,NULL,70,DOC,202.153,0,"TOC analyzer - ATL",1,ATL
2204511,SQD_C1,2014-10-14,NULL,85,DOC,202.653,0,"TOC analyzer - ATL",1,ATL
2204512,SQD_C1,2014-10-14,NULL,100,DOC,259.352,0,"TOC analyzer - ATL",1,ATL
2204513,SQD_C1,2015-02-17,NULL,0,DOC,316.301,0,"TOC analyzer - ATL",1,ATL
2204514,SQD_C1,2015-02-17,NULL,10,DOC,310.307,0,"TOC analyzer - ATL",1,ATL
2204515,SQD_C1,2015-02-17,NULL,30,DOC,312.721,0,"TOC analyzer - ATL",1,ATL
2204516,SQD_C1,2015-02-17,NULL,40,DOC,321.13,0,"TOC analyzer - ATL",1,ATL
2204517,SQD_C1,2015-02-17,NULL,60,DOC,309.974,0,"TOC analyzer - ATL",1,ATL
2204518,SQD_C1,2015-02-17,NULL,80,DOC,311.639,0,"TOC analyzer - ATL",1,ATL
2204519,SQD_C1,2015-02-17,NULL,100,DOC,320.381,0,"TOC analyzer - ATL",1,ATL
2204520,SQD_C1,2015-03-17,NULL,0,DOC,261.85,0,"TOC analyzer - ATL",1,ATL
2204521,SQD_C1,2015-03-17,NULL,5,DOC,276.17,0,"TOC analyzer - ATL",1,ATL
2204522,SQD_C1,2015-03-17,NULL,10,DOC,264.93,0,"TOC analyzer - ATL",1,ATL
2204523,SQD_C1,2015-03-17,NULL,20,DOC,261.017,0,"TOC analyzer - ATL",1,ATL
2204524,SQD_C1,2015-03-17,NULL,40,DOC,263.349,0,"TOC analyzer - ATL",1,ATL
2204525,SQD_C1,2015-03-17,NULL,60,DOC,256.521,0,"TOC analyzer - ATL",1,ATL
2204526,SQD_C1,2015-03-17,NULL,99,DOC,262.183,0,"TOC analyzer - ATL",1,ATL
2204527,SQD_C1,2015-04-14,NULL,0,DOC,282.248,0,"TOC analyzer - ATL",1,ATL
2204528,SQD_C1,2015-04-14,NULL,5,DOC,291.074,0,"TOC analyzer - ATL",1,ATL
2204529,SQD_C1,2015-04-14,NULL,10,DOC,279.084,0,"TOC analyzer - ATL",1,ATL
2204530,SQD_C1,2015-04-14,NULL,20,DOC,288.909,0,"TOC analyzer - ATL",1,ATL
2204531,SQD_C1,2015-04-14,NULL,40,DOC,273.007,0,"TOC analyzer - ATL",1,ATL
2204532,SQD_C1,2015-04-14,NULL,60,DOC,253.524,0,"TOC analyzer - ATL",1,ATL
2204533,SQD_C1,2015-04-14,NULL,99,DOC,262.682,0,"TOC analyzer - ATL",1,ATL
2204534,SQD_C1,2015-05-12,NULL,0,DOC,303.646,0,"TOC analyzer - ATL",1,ATL
2204535,SQD_C1,2015-05-12,NULL,5,DOC,306.06,0,"TOC analyzer - ATL",1,ATL
2204536,SQD_C1,2015-05-12,NULL,10,DOC,297.318,0,"TOC analyzer - ATL",1,ATL
2204537,SQD_C1,2015-05-12,NULL,50,DOC,271.258,0,"TOC analyzer - ATL",1,ATL
2204538,SQD_C1,2015-05-12,NULL,60,DOC,261.933,0,"TOC analyzer - ATL",1,ATL
2204539,SQD_C1,2015-05-12,NULL,70,DOC,257.853,0,"TOC analyzer - ATL",1,ATL
2204540,SQD_C1,2015-05-12,NULL,90,DOC,265.014,0,"TOC analyzer - ATL",1,ATL
2204541,SQD_C1,2015-06-16,NULL,0,DOC,298.983,0,"TOC analyzer - ATL",1,ATL
2204542,SQD_C1,2015-06-16,NULL,5,DOC,292.572,0,"TOC analyzer - ATL",1,ATL
2204543,SQD_C1,2015-06-16,NULL,10,DOC,257.021,0,"TOC analyzer - ATL",1,ATL
2204544,SQD_C1,2015-06-16,NULL,30,DOC,272.923,0,"TOC analyzer - ATL",1,ATL
2204545,SQD_C1,2015-06-16,NULL,55,DOC,259.019,0,"TOC analyzer - ATL",1,ATL
2204546,SQD_C1,2015-06-16,NULL,75,DOC,238.121,0,"TOC analyzer - ATL",1,ATL
2204547,SQD_C1,2015-06-16,NULL,99,DOC,243.783,0,"TOC analyzer - ATL",1,ATL
2204548,SQD_C1,2015-07-13,NULL,0,DOC,361.261,0,"TOC analyzer - ATL",1,ATL
2204549,SQD_C1,2015-07-13,NULL,4,DOC,306.643,0,"TOC analyzer - ATL",1,ATL
2204550,SQD_C1,2015-07-13,NULL,10,DOC,218.389,0,"TOC analyzer - ATL",1,ATL
2204551,SQD_C1,2015-07-13,NULL,20,DOC,251.859,0,"TOC analyzer - ATL",1,ATL
2204552,SQD_C1,2015-07-13,NULL,45,DOC,270.342,0,"TOC analyzer - ATL",1,ATL
2204553,SQD_C1,2015-07-13,NULL,75,DOC,236.04,0,"TOC analyzer - ATL",1,ATL
2204554,SQD_C1,2015-07-13,NULL,95,DOC,253.191,0,"TOC analyzer - ATL",1,ATL
2204555,SQD_C1,2015-08-19,NULL,0,DOC,276.004,0,"TOC analyzer - ATL",1,ATL
2204556,SQD_C1,2015-08-19,NULL,6,DOC,283.664,0,"TOC analyzer - ATL",1,ATL
2204557,SQD_C1,2015-08-19,NULL,24,DOC,229.379,0,"TOC analyzer - ATL",1,ATL
2204558,SQD_C1,2015-08-19,NULL,38,DOC,257.354,0,"TOC analyzer - ATL",1,ATL
2204559,SQD_C1,2015-08-19,NULL,50,DOC,265.347,0,"TOC analyzer - ATL",1,ATL
2204560,SQD_C1,2015-08-19,NULL,80,DOC,245.531,0,"TOC analyzer - ATL",1,ATL
2204561,SQD_C1,2015-08-19,NULL,94,DOC,252.608,0,"TOC analyzer - ATL",1,ATL
2204562,SQD_C1,2015-09-07,NULL,0,DOC,270.592,0,"TOC analyzer - ATL",1,ATL
2204563,SQD_C1,2015-09-07,NULL,5,DOC,272.674,0,"TOC analyzer - ATL",1,ATL
2204564,SQD_C1,2015-09-07,NULL,23,DOC,205.567,0,"TOC analyzer - ATL",1,ATL
2204565,SQD_C1,2015-09-07,NULL,40,DOC,261.184,0,"TOC analyzer - ATL",1,ATL
2204566,SQD_C1,2015-09-07,NULL,53,DOC,266.679,0,"TOC analyzer - ATL",1,ATL
2204567,SQD_C1,2015-09-07,NULL,70,DOC,244.865,0,"TOC analyzer - ATL",1,ATL
2204568,SQD_C1,2015-09-07,NULL,90,DOC,251.026,0,"TOC analyzer - ATL",1,ATL
2204569,SQD_C1,2015-09-29,NULL,0,DOC,223.218,0,"TOC analyzer - ATL",1,ATL
2204570,SQD_C1,2015-09-29,NULL,5,DOC,228.879,0,"TOC analyzer - ATL",1,ATL
2204571,SQD_C1,2015-09-29,NULL,15,DOC,233.625,0,"TOC analyzer - ATL",1,ATL
2204572,SQD_C1,2015-09-29,NULL,18,DOC,203.235,0,"TOC analyzer - ATL",1,ATL
2204573,SQD_C1,2015-09-29,NULL,40,DOC,245.115,0,"TOC analyzer - ATL",1,ATL
2204574,SQD_C1,2015-09-29,NULL,54,DOC,247.446,0,"TOC analyzer - ATL",1,ATL
2204575,SQD_C1,2015-09-29,NULL,92,DOC,253.774,0,"TOC analyzer - ATL",1,ATL
2204576,SQD_C1,2015-10-27,NULL,0,DOC,204.318,0,"TOC analyzer - ATL",1,ATL
2204577,SQD_C1,2015-10-27,NULL,10,DOC,202.902,0,"TOC analyzer - ATL",1,ATL
2204578,SQD_C1,2015-10-27,NULL,28,DOC,201.737,0,"TOC analyzer - ATL",1,ATL
2204579,SQD_C1,2015-10-27,NULL,34,DOC,194.91,0,"TOC analyzer - ATL",1,ATL
2204580,SQD_C1,2015-10-27,NULL,50,DOC,239.453,0,"TOC analyzer - ATL",1,ATL
2204581,SQD_C1,2015-10-27,NULL,64,DOC,233.209,0,"TOC analyzer - ATL",1,ATL
2204582,SQD_C1,2015-10-27,NULL,89,DOC,264.098,0,"TOC analyzer - ATL",1,ATL
2204583,SQD_C1,2015-11-30,NULL,0,DOC,212.144,0,"TOC analyzer - ATL",1,ATL
2204584,SQD_C1,2015-11-30,NULL,10,DOC,217.889,0,"TOC analyzer - ATL",1,ATL
2204585,SQD_C1,2015-11-30,NULL,30,DOC,217.389,0,"TOC analyzer - ATL",1,ATL
2204586,SQD_C1,2015-11-30,NULL,50,DOC,224.716,0,"TOC analyzer - ATL",1,ATL
2204587,SQD_C1,2015-11-30,NULL,60,DOC,236.04,0,"TOC analyzer - ATL",1,ATL
2204588,SQD_C1,2015-11-30,NULL,70,DOC,232.709,0,"TOC analyzer - ATL",1,ATL
2204589,SQD_C1,2015-11-30,NULL,90,DOC,254.357,0,"TOC analyzer - ATL",1,ATL
2204590,SQD_C1,2016-01-19,NULL,0,DOC,231.544,0,"TOC analyzer - ATL",1,ATL
2204591,SQD_C1,2016-01-19,NULL,20,DOC,232.293,0,"TOC analyzer - ATL",1,ATL
2204592,SQD_C1,2016-01-19,NULL,40,DOC,236.123,0,"TOC analyzer - ATL",1,ATL
2204593,SQD_C1,2016-01-19,NULL,50,DOC,230.211,0,"TOC analyzer - ATL",1,ATL
2204594,SQD_C1,2016-01-19,NULL,58,DOC,234.291,0,"TOC analyzer - ATL",1,ATL
2204595,SQD_C1,2016-01-19,NULL,70,DOC,269.51,0,"TOC analyzer - ATL",1,ATL
2204596,SQD_C1,2016-01-19,NULL,87,DOC,289.742,0,"TOC analyzer - ATL",1,ATL
2204597,SQD_C1,2016-03-02,NULL,71,DOC,218.222,0,"TOC analyzer - ATL",1,ATL
2204598,SQD_C1,2016-03-02,NULL,76,DOC,239.453,0,"TOC analyzer - ATL",1,ATL
2204599,SQD_C1,2016-03-02,NULL,81,DOC,259.852,0,"TOC analyzer - ATL",1,ATL
2204600,SQD_C1,2016-03-02,NULL,86,DOC,264.098,0,"TOC analyzer - ATL",1,ATL
2204601,SQD_C1,2016-03-02,NULL,91,DOC,269.177,0,"TOC analyzer - ATL",1,ATL
2204602,SQD_C1,2016-04-04,NULL,0,DOC,221.469,0,"TOC analyzer - ATL",1,ATL
2204603,SQD_C1,2016-04-04,NULL,4,DOC,225.382,0,"TOC analyzer - ATL",1,ATL
2204604,SQD_C1,2016-04-04,NULL,10,DOC,223.967,0,"TOC analyzer - ATL",1,ATL
2204605,SQD_C1,2016-04-04,NULL,20,DOC,203.652,0,"TOC analyzer - ATL",1,ATL
2204606,SQD_C1,2016-04-04,NULL,60,DOC,182.92,0,"TOC analyzer - ATL",1,ATL
2204607,SQD_C1,2016-04-04,NULL,75,DOC,204.318,0,"TOC analyzer - ATL",1,ATL
2204608,SQD_C1,2016-04-04,NULL,90,DOC,250.36,0,"TOC analyzer - ATL",1,ATL
2204609,SQD_C1,2016-06-08,NULL,0,DOC,268.094,0,"TOC analyzer - ATL",1,ATL
2204610,SQD_C1,2016-06-08,NULL,5,DOC,237.372,0,"TOC analyzer - ATL",1,ATL
2204611,SQD_C1,2016-06-08,NULL,12,DOC,212.727,0,"TOC analyzer - ATL",1,ATL
2204612,SQD_C1,2016-06-08,NULL,28,DOC,209.896,0,"TOC analyzer - ATL",1,ATL
2204613,SQD_C1,2016-06-08,NULL,40,DOC,202.486,0,"TOC analyzer - ATL",1,ATL
2204614,SQD_C1,2016-06-08,NULL,56,DOC,212.477,0,"TOC analyzer - ATL",1,ATL
2204615,SQD_C1,2016-06-08,NULL,89,DOC,256.438,0,"TOC analyzer - ATL",1,ATL
2204616,SQD_C1,2016-07-11,NULL,0,DOC,280.916,0,"TOC analyzer - ATL",1,ATL
2204617,SQD_C1,2016-07-11,NULL,5,DOC,286.411,0,"TOC analyzer - ATL",1,ATL
2204618,SQD_C1,2016-07-11,NULL,10,DOC,256.938,0,"TOC analyzer - ATL",1,ATL
2204619,SQD_C1,2016-07-11,NULL,30,DOC,199.572,0,"TOC analyzer - ATL",1,ATL
2204620,SQD_C1,2016-07-11,NULL,45,DOC,194.826,0,"TOC analyzer - ATL",1,ATL
2204621,SQD_C1,2016-07-11,NULL,60,DOC,194.743,0,"TOC analyzer - ATL",1,ATL
2204622,SQD_C1,2016-07-11,NULL,86,DOC,220.553,0,"TOC analyzer - ATL",1,ATL
2204623,SQD_C1,2016-08-01,NULL,0,DOC,271.008,0,"TOC analyzer - ATL",1,ATL
2204624,SQD_C1,2016-08-01,NULL,3,DOC,251.109,0,"TOC analyzer - ATL",1,ATL
2204625,SQD_C1,2016-08-01,NULL,5,DOC,214.725,0,"TOC analyzer - ATL",1,ATL
2204626,SQD_C1,2016-08-01,NULL,10,DOC,201.404,0,"TOC analyzer - ATL",1,ATL
2204627,SQD_C1,2016-08-01,NULL,30,DOC,199.322,0,"TOC analyzer - ATL",1,ATL
2204628,SQD_C1,2016-08-01,NULL,56,DOC,191.829,0,"TOC analyzer - ATL",1,ATL
2204629,SQD_C1,2016-08-01,NULL,84,DOC,221.802,0,"TOC analyzer - ATL",1,ATL
2204630,SQD_C1,2016-09-05,NULL,0,DOC,273.922,0,"TOC analyzer - ATL",1,ATL
2204631,SQD_C1,2016-09-05,NULL,4,DOC,267.845,0,"TOC analyzer - ATL",1,ATL
2204632,SQD_C1,2016-09-05,NULL,10,DOC,191.08,0,"TOC analyzer - ATL",1,ATL
2204633,SQD_C1,2016-09-05,NULL,30,DOC,182.088,0,"TOC analyzer - ATL",1,ATL
2204634,SQD_C1,2016-09-05,NULL,46,DOC,193.161,0,"TOC analyzer - ATL",1,ATL
2204635,SQD_C1,2016-09-05,NULL,54,DOC,192.079,0,"TOC analyzer - ATL",1,ATL
2204636,SQD_C1,2016-09-05,NULL,83,DOC,215.974,0,"TOC analyzer - ATL",1,ATL
2204637,SQD_C1,2016-12-13,NULL,0,DOC,173.928,0,"TOC analyzer - ATL",1,ATL
2204638,SQD_C1,2016-12-13,NULL,5,DOC,183.586,0,"TOC analyzer - ATL",1,ATL
2204639,SQD_C1,2016-12-13,NULL,28,DOC,183.087,0,"TOC analyzer - ATL",1,ATL
2204640,SQD_C1,2016-12-13,NULL,32,DOC,193.494,0,"TOC analyzer - ATL",1,ATL
2204641,SQD_C1,2016-12-13,NULL,44,DOC,202.819,0,"TOC analyzer - ATL",1,ATL
2204642,SQD_C1,2016-12-13,NULL,50,DOC,205.4,0,"TOC analyzer - ATL",1,ATL
2204643,SQD_C1,2016-12-13,NULL,78,DOC,225.133,0,"TOC analyzer - ATL",1,ATL
2204644,SQD_C1,2017-01-31,NULL,0,DOC,193.494,0,"TOC analyzer - ATL",1,ATL
2204645,SQD_C1,2017-01-31,NULL,22,DOC,196.575,0,"TOC analyzer - ATL",1,ATL
2204646,SQD_C1,2017-01-31,NULL,28,DOC,210.479,0,"TOC analyzer - ATL",1,ATL
2204647,SQD_C1,2017-01-31,NULL,34,DOC,234.041,0,"TOC analyzer - ATL",1,ATL
2204648,SQD_C1,2017-01-31,NULL,40,DOC,233.292,0,"TOC analyzer - ATL",1,ATL
2204649,SQD_C1,2017-01-31,NULL,60,DOC,206.649,0,"TOC analyzer - ATL",1,ATL
2204650,SQD_C1,2017-01-31,NULL,80,DOC,208.897,0,"TOC analyzer - ATL",1,ATL
2204651,SQD_C1,2017-02-20,NULL,0,DOC,210.229,0,"TOC analyzer - ATL",1,ATL
2204652,SQD_C1,2017-02-20,NULL,5,DOC,209.563,0,"TOC analyzer - ATL",1,ATL
2204653,SQD_C1,2017-02-20,NULL,15,DOC,208.564,0,"TOC analyzer - ATL",1,ATL
2204654,SQD_C1,2017-02-20,NULL,30,DOC,217.14,0,"TOC analyzer - ATL",1,ATL
2204655,SQD_C1,2017-02-20,NULL,46,DOC,214.559,0,"TOC analyzer - ATL",1,ATL
2204656,SQD_C1,2017-02-20,NULL,65,DOC,219.471,0,"TOC analyzer - ATL",1,ATL
2204657,SQD_C1,2017-02-20,NULL,82,DOC,222.718,0,"TOC analyzer - ATL",1,ATL
2204658,SQD_C1,2017-03-14,NULL,0,DOC,259.852,0,"TOC analyzer - ATL",1,ATL
2204659,SQD_C1,2017-03-14,NULL,2,DOC,256.688,0,"TOC analyzer - ATL",1,ATL
2204660,SQD_C1,2017-03-14,NULL,5,DOC,242.867,0,"TOC analyzer - ATL",1,ATL
2204661,SQD_C1,2017-03-14,NULL,10,DOC,228.213,0,"TOC analyzer - ATL",1,ATL
2204662,SQD_C1,2017-03-14,NULL,26,DOC,220.22,0,"TOC analyzer - ATL",1,ATL
2204663,SQD_C1,2017-03-14,NULL,55,DOC,225.049,0,"TOC analyzer - ATL",1,ATL
2204664,SQD_C1,2017-03-14,NULL,90,DOC,226.381,0,"TOC analyzer - ATL",1,ATL
2204665,SQD_C1,2017-05-08,NULL,0,DOC,246.447,0,"TOC analyzer - ATL",1,ATL
2204666,SQD_C1,2017-05-08,NULL,5,DOC,244.865,0,"TOC analyzer - ATL",1,ATL
2204667,SQD_C1,2017-05-08,NULL,12,DOC,245.448,0,"TOC analyzer - ATL",1,ATL
2204668,SQD_C1,2017-05-08,NULL,32,DOC,204.901,0,"TOC analyzer - ATL",1,ATL
2204669,SQD_C1,2017-05-08,NULL,52,DOC,204.401,0,"TOC analyzer - ATL",1,ATL
2204670,SQD_C1,2017-05-08,NULL,70,DOC,195.825,0,"TOC analyzer - ATL",1,ATL
2204671,SQD_C1,2017-05-08,NULL,91,DOC,200.155,0,"TOC analyzer - ATL",1,ATL
2204672,SQD_C1,2017-06-06,NULL,0,DOC,282.248,0,"TOC analyzer - ATL",1,ATL
2204673,SQD_C1,2017-06-06,NULL,5,DOC,254.19,0,"TOC analyzer - ATL",1,ATL
2204674,SQD_C1,2017-06-06,NULL,10,DOC,263.765,0,"TOC analyzer - ATL",1,ATL
2204675,SQD_C1,2017-06-06,NULL,24,DOC,247.696,0,"TOC analyzer - ATL",1,ATL
2204676,SQD_C1,2017-06-06,NULL,32,DOC,250.527,0,"TOC analyzer - ATL",1,ATL
2204677,SQD_C1,2017-06-06,NULL,54,DOC,229.379,0,"TOC analyzer - ATL",1,ATL
2204678,SQD_C1,2017-06-06,NULL,77,DOC,210.396,0,"TOC analyzer - ATL",1,ATL
2204679,SQD_C1,2017-07-03,NULL,0,DOC,289.742,0,"TOC analyzer - ATL",1,ATL
2204680,SQD_C1,2017-07-03,NULL,5,DOC,274.505,0,"TOC analyzer - ATL",1,ATL
2204681,SQD_C1,2017-07-03,NULL,20,DOC,237.705,0,"TOC analyzer - ATL",1,ATL
2204682,SQD_C1,2017-07-03,NULL,37,DOC,229.545,0,"TOC analyzer - ATL",1,ATL
2204683,SQD_C1,2017-07-03,NULL,68,DOC,182.837,0,"TOC analyzer - ATL",1,ATL
2204684,SQD_C1,2017-07-03,NULL,78,DOC,178.757,0,"TOC analyzer - ATL",1,ATL
2204685,SQD_C1,2017-07-03,NULL,92,DOC,192.828,0,"TOC analyzer - ATL",1,ATL
2204686,SQD_C1,2017-08-01,NULL,0,DOC,322.129,0,"TOC analyzer - ATL",1,ATL
2204687,SQD_C1,2017-08-01,NULL,4,DOC,306.227,0,"TOC analyzer - ATL",1,ATL
2204688,SQD_C1,2017-08-01,NULL,10,DOC,216.557,0,"TOC analyzer - ATL",1,ATL
2204689,SQD_C1,2017-08-01,NULL,31,DOC,269.51,0,"TOC analyzer - ATL",1,ATL
2204690,SQD_C1,2017-08-01,NULL,50,DOC,256.521,0,"TOC analyzer - ATL",1,ATL
2204691,SQD_C1,2017-08-01,NULL,60,DOC,269.51,0,"TOC analyzer - ATL",1,ATL
2204692,SQD_C1,2017-08-01,NULL,88,DOC,211.645,0,"TOC analyzer - ATL",1,ATL
2204693,SQD_C1,2017-08-23,NULL,0,DOC,318.133,0,"TOC analyzer - ATL",1,ATL
2204694,SQD_C1,2017-08-23,NULL,5,DOC,315.136,0,"TOC analyzer - ATL",1,ATL
2204695,SQD_C1,2017-08-23,NULL,10,DOC,218.805,0,"TOC analyzer - ATL",1,ATL
2204696,SQD_C1,2017-08-23,NULL,26,DOC,251.359,0,"TOC analyzer - ATL",1,ATL
2204697,SQD_C1,2017-08-23,NULL,39,DOC,267.761,0,"TOC analyzer - ATL",1,ATL
2204698,SQD_C1,2017-08-23,NULL,59,DOC,205.65,0,"TOC analyzer - ATL",1,ATL
2204699,SQD_C1,2017-08-23,NULL,84,DOC,233.042,0,"TOC analyzer - ATL",1,ATL
2204700,SQD_C1,2017-09-25,NULL,0,DOC,255.689,0,"TOC analyzer - ATL",1,ATL
2204701,SQD_C1,2017-09-25,NULL,5,DOC,254.023,0,"TOC analyzer - ATL",1,ATL
2204702,SQD_C1,2017-09-25,NULL,10,DOC,212.977,0,"TOC analyzer - ATL",1,ATL
2204703,SQD_C1,2017-09-25,NULL,25,DOC,214.642,0,"TOC analyzer - ATL",1,ATL
2204704,SQD_C1,2017-09-25,NULL,40,DOC,236.456,0,"TOC analyzer - ATL",1,ATL
2204705,SQD_C1,2017-09-25,NULL,54,DOC,218.555,0,"TOC analyzer - ATL",1,ATL
2204706,SQD_C1,2017-09-25,NULL,80,DOC,239.786,0,"TOC analyzer - ATL",1,ATL
2204707,SQD_C1,2017-10-30,NULL,0,DOC,216.89,0,"TOC analyzer - ATL",1,ATL
2204708,SQD_C1,2017-10-30,NULL,5,DOC,217.972,0,"TOC analyzer - ATL",1,ATL
2204709,SQD_C1,2017-10-30,NULL,24,DOC,211.228,0,"TOC analyzer - ATL",1,ATL
2204710,SQD_C1,2017-10-30,NULL,30,DOC,192.662,0,"TOC analyzer - ATL",1,ATL
2204711,SQD_C1,2017-10-30,NULL,44,DOC,224.3,0,"TOC analyzer - ATL",1,ATL
2204712,SQD_C1,2017-10-30,NULL,54,DOC,227.963,0,"TOC analyzer - ATL",1,ATL
2204713,SQD_C1,2017-10-30,NULL,79,DOC,206.899,0,"TOC analyzer - ATL",1,ATL
2204714,SQD_C1,2018-01-09,NULL,0,DOC,188.582,0,"TOC analyzer - ATL",1,ATL
2204715,SQD_C1,2018-01-09,NULL,4,DOC,201.82,0,"TOC analyzer - ATL",1,ATL
2204716,SQD_C1,2018-01-09,NULL,10,DOC,184.336,0,"TOC analyzer - ATL",1,ATL
2204717,SQD_C1,2018-01-09,NULL,35,DOC,187.833,0,"TOC analyzer - ATL",1,ATL
2204718,SQD_C1,2018-01-09,NULL,40,DOC,192.578,0,"TOC analyzer - ATL",1,ATL
2204719,SQD_C1,2018-01-09,NULL,50,DOC,194.16,0,"TOC analyzer - ATL",1,ATL
2204720,SQD_C1,2018-01-09,NULL,73,DOC,192.162,0,"TOC analyzer - ATL",1,ATL
2204721,SQD_C1,2018-02-20,NULL,0,DOC,178.507,0,"TOC analyzer - ATL",1,ATL
2204722,SQD_C1,2018-02-20,NULL,3,DOC,181.671,0,"TOC analyzer - ATL",1,ATL
2204723,SQD_C1,2018-02-20,NULL,10,DOC,180.506,0,"TOC analyzer - ATL",1,ATL
2204724,SQD_C1,2018-02-20,NULL,15,DOC,185.751,0,"TOC analyzer - ATL",1,ATL
2204725,SQD_C1,2018-02-20,NULL,30,DOC,186.334,0,"TOC analyzer - ATL",1,ATL
2204726,SQD_C1,2018-02-20,NULL,45,DOC,206.732,0,"TOC analyzer - ATL",1,ATL
2204727,SQD_C1,2018-02-20,NULL,69,DOC,226.215,0,"TOC analyzer - ATL",1,ATL
2204728,SQD_C1,2018-03-14,NULL,0,DOC,186.001,0,"TOC analyzer - ATL",1,ATL
2204729,SQD_C1,2018-03-14,NULL,5,DOC,189.248,0,"TOC analyzer - ATL",1,ATL
2204730,SQD_C1,2018-03-14,NULL,12,DOC,204.817,0,"TOC analyzer - ATL",1,ATL
2204731,SQD_C1,2018-03-14,NULL,20,DOC,191.08,0,"TOC analyzer - ATL",1,ATL
2204732,SQD_C1,2018-03-14,NULL,29,DOC,198.656,0,"TOC analyzer - ATL",1,ATL
2204733,SQD_C1,2018-03-14,NULL,45,DOC,202.569,0,"TOC analyzer - ATL",1,ATL
2204734,SQD_C1,2018-03-14,NULL,69,DOC,209.563,0,"TOC analyzer - ATL",1,ATL
2204735,SQD_C1,2018-04-25,NULL,0,DOC,256.271,0,"TOC analyzer - ATL",1,ATL
2204736,SQD_C1,2018-04-25,NULL,2,DOC,253.94,0,"TOC analyzer - ATL",1,ATL
2204737,SQD_C1,2018-04-25,NULL,5,DOC,272.674,0,"TOC analyzer - ATL",1,ATL
2204738,SQD_C1,2018-04-25,NULL,10,DOC,281.332,0,"TOC analyzer - ATL",1,ATL
2204739,SQD_C1,2018-04-25,NULL,20,DOC,245.198,0,"TOC analyzer - ATL",1,ATL
2204740,SQD_C1,2018-04-25,NULL,50,DOC,251.859,0,"TOC analyzer - ATL",1,ATL
2204741,SQD_C1,2018-04-25,NULL,93,DOC,230.128,0,"TOC analyzer - ATL",1,ATL
2204742,SQD_C1,2018-05-15,NULL,0,DOC,277.419,0,"TOC analyzer - ATL",1,ATL
2204743,SQD_C1,2018-05-15,NULL,5,DOC,284.829,0,"TOC analyzer - ATL",1,ATL
2204744,SQD_C1,2018-05-15,NULL,20,DOC,281.083,0,"TOC analyzer - ATL",1,ATL
2204745,SQD_C1,2018-05-15,NULL,30,DOC,249.777,0,"TOC analyzer - ATL",1,ATL
2204746,SQD_C1,2018-05-15,NULL,40,DOC,246.946,0,"TOC analyzer - ATL",1,ATL
2204747,SQD_C1,2018-05-15,NULL,55,DOC,247.363,0,"TOC analyzer - ATL",1,ATL
2204748,SQD_C1,2018-05-15,NULL,100,DOC,227.464,0,"TOC analyzer - ATL",1,ATL
2204749,SQD_C1,2018-06-05,NULL,0,DOC,290.408,0,"TOC analyzer - ATL",1,ATL
2204750,SQD_C1,2018-06-05,NULL,5,DOC,288.493,0,"TOC analyzer - ATL",1,ATL
2204751,SQD_C1,2018-06-05,NULL,15,DOC,248.279,0,"TOC analyzer - ATL",1,ATL
2204752,SQD_C1,2018-06-05,NULL,26,DOC,255.522,0,"TOC analyzer - ATL",1,ATL
2204753,SQD_C1,2018-06-05,NULL,36,DOC,261.933,0,"TOC analyzer - ATL",1,ATL
2204754,SQD_C1,2018-06-05,NULL,56,DOC,241.535,0,"TOC analyzer - ATL",1,ATL
2204755,SQD_C1,2018-06-05,NULL,90,DOC,226.631,0,"TOC analyzer - ATL",1,ATL
2204756,SQD_C1,2018-07-24,NULL,0,DOC,351.353,0,"TOC analyzer - ATL",1,ATL
2204757,SQD_C1,2018-07-24,NULL,2,DOC,353.768,0,"TOC analyzer - ATL",1,ATL
2204758,SQD_C1,2018-07-24,NULL,5,DOC,321.63,0,"TOC analyzer - ATL",1,ATL
2204759,SQD_C1,2018-07-24,NULL,10,DOC,225.299,0,"TOC analyzer - ATL",1,ATL
2204760,SQD_C1,2018-07-24,NULL,48,DOC,237.288,0,"TOC analyzer - ATL",1,ATL
2204761,SQD_C1,2018-07-24,NULL,58,DOC,245.614,0,"TOC analyzer - ATL",1,ATL
2204762,SQD_C1,2018-07-24,NULL,64,DOC,256.271,0,"TOC analyzer - ATL",1,ATL
2204763,SQD_C1,2018-07-24,NULL,88,DOC,227.963,0,"TOC analyzer - ATL",1,ATL
2204764,SQD_C1,2018-07-24,NULL,95,DOC,233.875,0,"TOC analyzer - ATL",1,ATL
2204765,SQD_C1,2018-08-28,NULL,0,DOC,311.972,0,"TOC analyzer - ATL",1,ATL
2204766,SQD_C1,2018-08-28,NULL,2,DOC,322.046,0,"TOC analyzer - ATL",1,ATL
2204767,SQD_C1,2018-08-28,NULL,5,DOC,288.076,0,"TOC analyzer - ATL",1,ATL
2204768,SQD_C1,2018-08-28,NULL,20,DOC,237.538,0,"TOC analyzer - ATL",1,ATL
2204769,SQD_C1,2018-08-28,NULL,38,DOC,216.307,0,"TOC analyzer - ATL",1,ATL
2204770,SQD_C1,2018-08-28,NULL,60,DOC,224.55,0,"TOC analyzer - ATL",1,ATL
2204771,SQD_C1,2018-08-28,NULL,68,DOC,229.462,0,"TOC analyzer - ATL",1,ATL
2204772,SQD_C1,2018-08-28,NULL,95,DOC,226.798,0,"TOC analyzer - ATL",1,ATL
2204773,SQD_C1,2019-01-08,NULL,0,DOC,292.822,0,"TOC analyzer - ATL",1,ATL
2204774,SQD_C1,2019-01-08,NULL,5,DOC,285.162,0,"TOC analyzer - ATL",1,ATL
2204775,SQD_C1,2019-01-08,NULL,20,DOC,283.081,0,"TOC analyzer - ATL",1,ATL
2204776,SQD_C1,2019-01-08,NULL,40,DOC,285.495,0,"TOC analyzer - ATL",1,ATL
2204777,SQD_C1,2019-01-08,NULL,65,DOC,283.747,0,"TOC analyzer - ATL",1,ATL
2204778,SQD_C1,2019-01-08,NULL,80,DOC,284.413,0,"TOC analyzer - ATL",1,ATL
2204779,SQD_C1,2019-01-08,NULL,93,DOC,284.08,0,"TOC analyzer - ATL",1,ATL
2204780,SQD_C1,2019-02-13,NULL,0,DOC,245.698,0,"TOC analyzer - ATL",1,ATL
2204781,SQD_C1,2019-02-13,NULL,5,DOC,251.026,0,"TOC analyzer - ATL",1,ATL
2204782,SQD_C1,2019-02-13,NULL,21,DOC,253.524,0,"TOC analyzer - ATL",1,ATL
2204783,SQD_C1,2019-02-13,NULL,37,DOC,253.441,0,"TOC analyzer - ATL",1,ATL
2204784,SQD_C1,2019-02-13,NULL,53,DOC,248.029,0,"TOC analyzer - ATL",1,ATL
2204785,SQD_C1,2019-02-13,NULL,90,DOC,242.284,0,"TOC analyzer - ATL",1,ATL
2204786,SQD_C1,2019-03-12,NULL,0,DOC,275.421,0,"TOC analyzer - ATL",1,ATL
2204787,SQD_C1,2019-03-12,NULL,5,DOC,273.34,0,"TOC analyzer - ATL",1,ATL
2204788,SQD_C1,2019-03-12,NULL,12,DOC,282.165,0,"TOC analyzer - ATL",1,ATL
2204789,SQD_C1,2019-03-12,NULL,24,DOC,264.181,0,"TOC analyzer - ATL",1,ATL
2204790,SQD_C1,2019-03-12,NULL,40,DOC,250.86,0,"TOC analyzer - ATL",1,ATL
2204791,SQD_C1,2019-03-12,NULL,65,DOC,249.028,0,"TOC analyzer - ATL",1,ATL
2204792,SQD_C1,2019-03-12,NULL,90,DOC,243.533,0,"TOC analyzer - ATL",1,ATL
2204793,SQD_C1,2019-04-10,NULL,0,DOC,279.834,0,"TOC analyzer - ATL",1,ATL
2204794,SQD_C1,2019-04-10,NULL,6,DOC,281.582,0,"TOC analyzer - ATL",1,ATL
2204795,SQD_C1,2019-04-10,NULL,20,DOC,259.435,0,"TOC analyzer - ATL",1,ATL
2204796,SQD_C1,2019-04-10,NULL,30,DOC,269.593,0,"TOC analyzer - ATL",1,ATL
2204797,SQD_C1,2019-04-10,NULL,50,DOC,261.184,0,"TOC analyzer - ATL",1,ATL
2204798,SQD_C1,2019-04-10,NULL,70,DOC,241.451,0,"TOC analyzer - ATL",1,ATL
2204799,SQD_C1,2019-04-10,NULL,96,DOC,242.284,0,"TOC analyzer - ATL",1,ATL
2204800,SQD_C1,2019-05-06,NULL,0,DOC,284.496,0,"TOC analyzer - ATL",1,ATL
2204801,SQD_C1,2019-05-06,NULL,5,DOC,279.251,0,"TOC analyzer - ATL",1,ATL
2204802,SQD_C1,2019-05-06,NULL,15,DOC,265.097,0,"TOC analyzer - ATL",1,ATL
2204803,SQD_C1,2019-05-06,NULL,25,DOC,254.107,0,"TOC analyzer - ATL",1,ATL
2204804,SQD_C1,2019-05-06,NULL,45,DOC,263.182,0,"TOC analyzer - ATL",1,ATL
2204805,SQD_C1,2019-05-06,NULL,65,DOC,248.528,0,"TOC analyzer - ATL",1,ATL
2204806,SQD_C1,2019-05-06,NULL,94,DOC,253.357,0,"TOC analyzer - ATL",1,ATL
2204807,SQD_C1,2019-06-04,NULL,0,DOC,268.011,0,"TOC analyzer - ATL",1,ATL
2204808,SQD_C1,2019-06-04,NULL,5,DOC,264.93,0,"TOC analyzer - ATL",1,ATL
2204809,SQD_C1,2019-06-04,NULL,20,DOC,248.362,0,"TOC analyzer - ATL",1,ATL
2204810,SQD_C1,2019-06-04,NULL,30,DOC,251.193,0,"TOC analyzer - ATL",1,ATL
2204811,SQD_C1,2019-06-04,NULL,50,DOC,247.862,0,"TOC analyzer - ATL",1,ATL
2204812,SQD_C1,2019-06-04,NULL,70,DOC,238.621,0,"TOC analyzer - ATL",1,ATL
2204813,SQD_C1,2019-06-04,NULL,99,DOC,232.459,0,"TOC analyzer - ATL",1,ATL
2204814,SQD_C1,2019-07-17,NULL,0,DOC,288.743,0,"TOC analyzer - ATL",1,ATL
2204815,SQD_C1,2019-09-26,NULL,0,DOC,230.544,0,"TOC analyzer - ATL",1,ATL
2204816,SQD_C1,2019-09-26,NULL,5,DOC,230.877,0,"TOC analyzer - ATL",1,ATL
2204817,SQD_C1,2019-09-26,NULL,12,DOC,228.713,0,"TOC analyzer - ATL",1,ATL
2204818,SQD_C1,2019-09-26,NULL,25,DOC,193.994,0,"TOC analyzer - ATL",1,ATL
2204819,SQD_C1,2019-09-26,NULL,44,DOC,209.896,0,"TOC analyzer - ATL",1,ATL
2204820,SQD_C1,2019-09-26,NULL,57,DOC,236.789,0,"TOC analyzer - ATL",1,ATL
2204821,SQD_C1,2019-09-26,NULL,77,DOC,263.432,0,"TOC analyzer - ATL",1,ATL
2204822,SQD_C1,2019-10-08,NULL,0,DOC,214.059,0,"TOC analyzer - ATL",1,ATL
2204823,SQD_C1,2019-10-08,NULL,5,DOC,223.967,0,"TOC analyzer - ATL",1,ATL
2204824,SQD_C1,2019-10-08,NULL,12,DOC,222.552,0,"TOC analyzer - ATL",1,ATL
2204825,SQD_C1,2019-10-08,NULL,27,DOC,211.395,0,"TOC analyzer - ATL",1,ATL
2204826,SQD_C1,2019-10-08,NULL,42,DOC,209.73,0,"TOC analyzer - ATL",1,ATL
2204827,SQD_C1,2019-10-08,NULL,50,DOC,237.621,0,"TOC analyzer - ATL",1,ATL
2204828,SQD_C1,2019-10-08,NULL,76,DOC,246.613,0,"TOC analyzer - ATL",1,ATL
2204829,SQD_C1,2019-12-03,NULL,0,DOC,201.32,0,"TOC analyzer - ATL",1,ATL
2204830,SQD_C1,2019-12-03,NULL,5,DOC,204.734,0,"TOC analyzer - ATL",1,ATL
2204831,SQD_C1,2019-12-03,NULL,15,DOC,206.566,0,"TOC analyzer - ATL",1,ATL
2204832,SQD_C1,2019-12-03,NULL,30,DOC,212.144,0,"TOC analyzer - ATL",1,ATL
2204833,SQD_C1,2019-12-03,NULL,40,DOC,213.726,0,"TOC analyzer - ATL",1,ATL
2204834,SQD_C1,2019-12-03,NULL,45,DOC,216.307,0,"TOC analyzer - ATL",1,ATL
2204835,SQD_C1,2019-12-03,NULL,74,DOC,265.846,0,"TOC analyzer - ATL",1,ATL
